{"ZFM-02181": [0.12156862745098039, 0.4666666666666667, 0.7058823529411765], "ZFM-02600": [0.6823529411764706, 0.7803921568627451, 0.9098039215686274], "ZFM-02601": [1.0, 0.4980392156862745, 0.054901960784313725], "ZFM-03321": [1.0, 0.7333333333333333, 0.47058823529411764], "ZFM-03323": [0.17254901960784313, 0.6274509803921569, 0.17254901960784313], "ZFM-03324": [0.596078431372549, 0.8745098039215686, 0.5411764705882353], "ZFM-03329": [0.8392156862745098, 0.15294117647058825, 0.1568627450980392], "ZFM-03330": [1.0, 0.596078431372549, 0.5882352941176471], "ZFM-03331": [0.5803921568627451, 0.403921568627451, 0.7411764705882353], "ZFM-03332": [0.7725490196078432, 0.6901960784313725, 0.8352941176470589], "ZFM-04080": [0.5490196078431373, 0.33725490196078434, 0.29411764705882354], "ZFM-04083": [0.7686274509803922, 0.611764705882353, 0.5803921568627451], "ZFM-04122": [0.8901960784313725, 0.4666666666666667, 0.7607843137254902], "ZFM-04300": [0.9686274509803922, 0.7137254901960784, 0.8235294117647058], "ZFM-04301": [0.4980392156862745, 0.4980392156862745, 0.4980392156862745], "ZFM-04811": [0.7803921568627451, 0.7803921568627451, 0.7803921568627451], "ZFM-05170": [0.7372549019607844, 0.7411764705882353, 0.13333333333333333], "ZFM-04820": [0.8588235294117647, 0.8588235294117647, 0.5529411764705883], "ZFM-05169": [0.09019607843137255, 0.7450980392156863, 0.8117647058823529], "ZFM-05181": [0.6196078431372549, 0.8549019607843137, 0.8980392156862745], "ZFM-05182": [0.5019607843137255, 0.0, 0.0], "ZFM-05492": [0.0, 0.0, 0.0]}